<?xml version="1.0" encoding="UTF-8" standalone="yes"?>
<parameters>
<parameter name="ANALOG_SEARCH">0</parameter>
<parameter name="CLUSTER_MIN_SIZE">2</parameter>
<parameter name="CREATE_CLUSTER_BUCKETS">1</parameter>
<parameter name="CREATE_ILI_OUTPUT">0</parameter>
<parameter name="FILTER_G6_BLANKS">0</parameter>
<parameter name="FILTER_LIBRARY">1</parameter>
<parameter name="FILTER_PRECURSOR_WINDOW">1</parameter>
<parameter name="FILTER_STDDEV_PEAK_INT">0.0</parameter>
<parameter name="FIND_MATCHES_IN_PUBLIC_DATA">0</parameter>
<parameter name="MAXIMUM_COMPONENT_SIZE">100</parameter>
<parameter name="MAX_SHIFT">1000</parameter>
<parameter name="MAX_SHIFT_MASS">100.0</parameter>
<parameter name="MIN_MATCHED_PEAKS">6</parameter>
<parameter name="MIN_MATCHED_PEAKS_SEARCH">6</parameter>
<parameter name="MIN_PEAK_INT">5000</parameter>
<parameter name="PAIRS_MIN_COSINE">0.7</parameter>
<parameter name="RUN_MSCLUSTER">on</parameter>
<parameter name="SCORE_THRESHOLD">0.7</parameter>
<parameter name="TOPK">10</parameter>
<parameter name="WINDOW_FILTER">1</parameter>
<parameter name="desc">TW58-5</parameter>
<parameter name="email">929643398@qq.com</parameter>
<parameter name="googlesheetsmetadata">None</parameter>
<parameter name="library_on_server">d.speclibs;</parameter>
<parameter name="spec_on_server">f.Ding/2022-7-26 tw58-5.mgf;</parameter>
<parameter name="task">b25842fc8d1e4b7e9bb7cf3aa259c083</parameter>
<parameter name="tolerance.Ion_tolerance">0.05</parameter>
<parameter name="tolerance.PM_tolerance">0.02</parameter>
<parameter name="upload_file_mapping">spec-00000.mgf|Ding/2022-7-26 tw58-5.mgf</parameter>
<parameter name="upload_file_mapping">lib-00000.mgf|speclibs/GNPS-SAM-SIK-KANG-LEGACY-LIBRARY/GNPS-SAM-SIK-KANG-LEGACY-LIBRARY.mgf</parameter>
<parameter name="upload_file_mapping">lib-00001.mgf|speclibs/CASMI/CASMI.mgf</parameter>
<parameter name="upload_file_mapping">lib-00002.mgf|speclibs/GNPS-SCIEX-LIBRARY/GNPS-SCIEX-LIBRARY.mgf</parameter>
<parameter name="upload_file_mapping">lib-00003.mgf|speclibs/MONA/MONA.mgf</parameter>
<parameter name="upload_file_mapping">lib-00004.mgf|speclibs/GNPS-NIH-CLINICALCOLLECTION2/GNPS-NIH-CLINICALCOLLECTION2.mgf</parameter>
<parameter name="upload_file_mapping">lib-00005.mgf|speclibs/GNPS-SELLECKCHEM-FDA-PART1/GNPS-SELLECKCHEM-FDA-PART1.mgf</parameter>
<parameter name="upload_file_mapping">lib-00006.mgf|speclibs/GNPS-COLLECTIONS-PESTICIDES-NEGATIVE/GNPS-COLLECTIONS-PESTICIDES-NEGATIVE.mgf</parameter>
<parameter name="upload_file_mapping">lib-00007.mgf|speclibs/LDB_POSITIVE/LDB_POSITIVE.mgf</parameter>
<parameter name="upload_file_mapping">lib-00008.mgf|speclibs/BIRMINGHAM-UHPLC-MS-NEG/BIRMINGHAM-UHPLC-MS-NEG.mgf</parameter>
<parameter name="upload_file_mapping">lib-00009.mgf|speclibs/GNPS-NIH-NATURALPRODUCTSLIBRARY/GNPS-NIH-NATURALPRODUCTSLIBRARY.mgf</parameter>
<parameter name="upload_file_mapping">lib-00010.mgf|speclibs/GNPS-NIH-CLINICALCOLLECTION1/GNPS-NIH-CLINICALCOLLECTION1.mgf</parameter>
<parameter name="upload_file_mapping">lib-00011.mgf|speclibs/BERKELEY-LAB/BERKELEY-LAB.mgf</parameter>
<parameter name="upload_file_mapping">lib-00012.mgf|speclibs/MMV_POSITIVE/MMV_POSITIVE.mgf</parameter>
<parameter name="upload_file_mapping">lib-00013.mgf|speclibs/GNPS-NIH-NATURALPRODUCTSLIBRARY_ROUND2_NEGATIVE/GNPS-NIH-NATURALPRODUCTSLIBRARY_ROUND2_NEGATIVE.mgf</parameter>
<parameter name="upload_file_mapping">lib-00014.mgf|speclibs/GNPS-SELLECKCHEM-FDA-PART2/GNPS-SELLECKCHEM-FDA-PART2.mgf</parameter>
<parameter name="upload_file_mapping">lib-00015.mgf|speclibs/PNNL-LIPIDS/PNNL-LIPIDS-NEGATIVE.mgf</parameter>
<parameter name="upload_file_mapping">lib-00016.mgf|speclibs/PNNL-LIPIDS/PNNL-LIPIDS-POSITIVE.mgf</parameter>
<parameter name="upload_file_mapping">lib-00017.mgf|speclibs/GNPS-NIST14-MATCHES/GNPS-NIST14-MATCHES.mgf</parameter>
<parameter name="upload_file_mapping">lib-00018.mgf|speclibs/DRUGS-OF-ABUSE-LIBRARY/DRUGS-OF-ABUSE-LIBRARY.mgf</parameter>
<parameter name="upload_file_mapping">lib-00019.mgf|speclibs/IQAMDB/IQAMDB.mgf</parameter>
<parameter name="upload_file_mapping">lib-00020.mgf|speclibs/GNPS-D2-AMINO-LIPID-LIBRARY/GNPS-D2-AMINO-LIPID-LIBRARY.mgf</parameter>
<parameter name="upload_file_mapping">lib-00021.mgf|speclibs/GNPS-IOBA-NHC/GNPS-IOBA-NHC.mgf</parameter>
<parameter name="upload_file_mapping">lib-00022.mgf|speclibs/GNPS-NIH-SMALLMOLECULEPHARMACOLOGICALLYACTIVE/GNPS-NIH-SMALLMOLECULEPHARMACOLOGICALLYACTIVE.mgf</parameter>
<parameter name="upload_file_mapping">lib-00023.mgf|speclibs/BILELIB19/BILELIB19.mgf</parameter>
<parameter name="upload_file_mapping">lib-00024.mgf|speclibs/HCE-CELL-LYSATE-LIPIDS/HCE-CELL-LYSATE-LIPIDS.mgf</parameter>
<parameter name="upload_file_mapping">lib-00025.mgf|speclibs/GNPS-EMBL-MCF/GNPS-EMBL-MCF.mgf</parameter>
<parameter name="upload_file_mapping">lib-00026.mgf|speclibs/GNPS-PRESTWICKPHYTOCHEM/GNPS-PRESTWICKPHYTOCHEM.mgf</parameter>
<parameter name="upload_file_mapping">lib-00027.mgf|speclibs/MIADB/MIADB.mgf</parameter>
<parameter name="upload_file_mapping">lib-00028.mgf|speclibs/GNPS-COLLECTIONS-PESTICIDES-POSITIVE/GNPS-COLLECTIONS-PESTICIDES-POSITIVE.mgf</parameter>
<parameter name="upload_file_mapping">lib-00029.mgf|speclibs/GNPS-MSMLS/GNPS-MSMLS.mgf</parameter>
<parameter name="upload_file_mapping">lib-00030.mgf|speclibs/GNPS-FAULKNERLEGACY/GNPS-FAULKNERLEGACY.mgf</parameter>
<parameter name="upload_file_mapping">lib-00031.mgf|speclibs/MASSBANKEU/MASSBANKEU.mgf</parameter>
<parameter name="upload_file_mapping">lib-00032.mgf|speclibs/LDB_NEGATIVE/LDB_NEGATIVE.mgf</parameter>
<parameter name="upload_file_mapping">lib-00033.mgf|speclibs/HMDB/HMDB.mgf</parameter>
<parameter name="upload_file_mapping">lib-00034.mgf|speclibs/BIRMINGHAM-UHPLC-MS-POS/BIRMINGHAM-UHPLC-MS-POS.mgf</parameter>
<parameter name="upload_file_mapping">lib-00035.mgf|speclibs/DEREPLICATOR_IDENTIFIED_LIBRARY/DEREPLICATOR_IDENTIFIED_LIBRARY.mgf</parameter>
<parameter name="upload_file_mapping">lib-00036.mgf|speclibs/ECG-ACYL-AMIDES-C4-C24-LIBRARY/ECG-ACYL-AMIDES-C4-C24-LIBRARY.mgf</parameter>
<parameter name="upload_file_mapping">lib-00037.mgf|speclibs/ECG-ACYL-ESTERS-C4-C24-LIBRARY/ECG-ACYL-ESTERS-C4-C24-LIBRARY.mgf</parameter>
<parameter name="upload_file_mapping">lib-00038.mgf|speclibs/PSU-MSMLS/PSU-MSMLS.mgf</parameter>
<parameter name="upload_file_mapping">lib-00039.mgf|speclibs/BMDMS-NP/BMDMS-NP.mgf</parameter>
<parameter name="upload_file_mapping">lib-00040.mgf|speclibs/RESPECT/RESPECT.mgf</parameter>
<parameter name="upload_file_mapping">lib-00041.mgf|speclibs/SUMNER/SUMNER.mgf</parameter>
<parameter name="upload_file_mapping">lib-00042.mgf|speclibs/GNPS-LIBRARY/GNPS-LIBRARY.mgf</parameter>
<parameter name="upload_file_mapping">lib-00043.mgf|speclibs/GNPS-COLLECTIONS-MISC/GNPS-COLLECTIONS-MISC.mgf</parameter>
<parameter name="upload_file_mapping">lib-00044.mgf|speclibs/MMV_NEGATIVE/MMV_NEGATIVE.mgf</parameter>
<parameter name="upload_file_mapping">lib-00045.mgf|speclibs/UM-NPDC/UM-NPDC.mgf</parameter>
<parameter name="upload_file_mapping">lib-00046.mgf|speclibs/MASSBANK/MASSBANK.mgf</parameter>
<parameter name="upload_file_mapping">lib-00047.mgf|speclibs/GNPS-NIH-NATURALPRODUCTSLIBRARY_ROUND2_POSITIVE/GNPS-NIH-NATURALPRODUCTSLIBRARY_ROUND2_POSITIVE.mgf</parameter>
<parameter name="user">Ding</parameter>
<parameter name="uuid">1E498F67-9947-0001-9674-B9F9F86011A8</parameter>
<parameter name="workflow">METABOLOMICS-SNETS-V2</parameter>
<parameter name="workflow_version">release_30</parameter>
</parameters>
